{"regist_target_img_scalef": 0.1424772, "tissue_hires_scalef": 0.0474924, "tissue_lowres_scalef": 0.01424772, "fiducial_diameter_fullres": 383.53316712343457, "spot_diameter_fullres": 255.68878935770286}